,AL,AT,BA,BE,BG,CY,CZ,DE,DK,EA19,EE,EL,ES,EU27_2020,EU28,FI,FR,HR,HU,IE,IS,IT,LT,LU,LV,ME,MK,MT,NL,NO,PL,PT,RO,RS,SE,SI,SK,TR,UK,XK
2004,"9755,997624","115126,59560399999","7622,990496","28332,343152","29681,983656","187,98732","72097,150896","401563,419768","76365,180792","1858030,6044960006","23900,998248","38998,957464","163857,534768","2719390,625784","2766751,9576200005","279781,751376","405712,506528","49759,403652","28947,316032000002","6516,390492","36,160092000000006","133696,066464","33485,84316","1074,7009440000002","46159,769951999995","0,0","7100,0173079999995","0,0","36862,991279999995","48208,466628","168881,97916800002","109369,93903200001","128896,37132399999","33599,991096","306730,63576800004","18844,774020000004","14557,867452000002","231836,59011599998","47361,373704","9056,006532000001"
2005,"9630,979776","136035,07898399996","7609,006584000001","33687,547812000004","28943,976420000003","96,003324","74839,16224800001","469470,24482400005","84029,78318400001","2016705,0178440001","22709,157948000004","40726,462248","165321,21016800002","2938035,549132","2993617,5306120003","261225,98049599997","406360,1532960001","52095,380364000004","51828,535728","8156,075472000001","43,18369200000001","202714,67898","34032,720779999996","1958,0115959999998","46877,38473600001","5994,995183999999","8643,983544","0,0","41524,496028","51323,79761999998","168966,375012","110938,50147600002","133315,579296","33599,991096","327311,61343200004","19207,423044000003","15663,844764","223023,40333200002","55581,939612","9056,006532000001"
2006,"9630,979776","155625,03388799998","7599,000132000001","37043,85528","31040,265312000003","140,564592","77822,402544","588186,2008079999","87109,03328399999","2202257,660508","20827,00134","41527,52874","174299,37566400005","3152917,0385280005","3215512,1124000004","291979,07809200004","369576,36107999994","48452,6151","55011,25652399999","8390,483280000002","35,191692","235670,55544799997","35913,144456","2029,6652400000005","47123,775828000005","6126,000156000001","8660,981952","0,0","44502,49242","49929,013296000005","175752,95018400002","114710,91336","129858,03536400002","33592,99914","345612,94531200005","18546,737868","16164,809388000001","214825,26085200004","62595,07387200001","9056,006532000001"
2007,"9000,99198","170228,468628","7586,984016000001","42538,55634","28377,251172","253,157364","81677,92716","660361,3833239999","95845,689252","2441133,858996","23997,591252","46300,697136","185227,80627600002","3431031,9306120006","3503535,698844","285692,34157200006","405711,80337599997","46971,453456","60343,149419999994","9274,346928","31,483583999999997","308114,87328000006","36595,233144","4160,941991999999","46000,654848000006","6386,000436000001","8026,011863999999","0,0","57813,121512000005","49647,159216000015","177378,63076799997","119092,92282","135519,60258","33576,000732","363784,32594000007","18441,869796000003","21328,089408000003","209131,813152","72503,684496","9057,011364"
2008,"9005,011308","178225,20878400002","7537,998456","51109,790219999995","31654,908971999997","1052,572464","89425,66719600001","676228,7926080001","98578,01411999999","2626253,489628","25743,892176000005","40839,66558","190372,0671","3677799,805416","3796914,1527","293202,057564","461044,7864280001","46796,54493599999","59316,79089599999","10389,706524000001","31,647888000000002","390122,392068","38848,356755999994","4315,445712","43526,91009599999","6382,9859400000005","8027,016696000001","0,0","61330,23907200001","53506,209384","199296,45093600004","118926,03855599998","159038,96403600002","33672,004056","367438,807224","19375,531848000002","21599,994204000002","199765,25596799998","119114,514756","9760,016952"
2009,"8791,986924","186506,75566800003","7530,001668000001","61462,187028","31164,506820000002","1612,426176","98658,47930400001","657124,9272720001","101083,990356","2690157,143088","28106,036675999996","37370,490228","213385,831092","3803567,357988","3938132,8238399997","265753,83391200006","487163,32344","48692,314332","80332,463664","11891,572524000001","30,835188000000002","398998,88647200004","39075,432695999996","4114,439532","50040,03049199999","6677,987868","8203,992732","0,0","71603,801856","52405,06554000001","219563,43354","122637,34839600002","157280,91811199998","44179,992828","376634,15064000007","26335,745640000005","26973,990252","192683,90858400005","134565,549588","9827,005752000001"
2010,"8582,981867999999","205485,06034799997","7504,964604000001","78431,291532","37778,292252","1487,407608","105312,90042","774779,7216599999","118450,36627200003","2936469,19014","31667,0463","40413,424428","229017,995964","4169710,5784200006","4330041,889463999","309019,86","526839,16464","52070,087375999996","89822,22267600002","13175,562744000003","36,173952","399282,5158560001","39126,760272","4274,7118199999995","44027,153964","6740,999208","8079,016752000001","30,98232","70280,7831","62443,387008","251949,32226000004","112404,937212","165544,750224","42981,981876","412313,5724040001","27820,367640000004","28904,233392000006","187097,44042800006","160331,31104400003","9894,999384"
2011,"8709,004548","201657,24475200006","7492,990355999999","77901,439752","40543,40196","1716,7831560000002","112818,51795600003","753126,3133200002","118194,341004","2798576,55144","30733,739208000003","48904,58264400001","248815,397268","4036940,5759559995","4193273,9749680003","302647,761648","466851,8545560001","50745,658500000005","98471,458404","13036,4433","48,148199999999996","317037,90005999996","38840,616144","4232,928276","45530,159076","7244,001360000001","8721,983628","161,28324","76421,005056","60992,957124","270015,87290399993","113299,27203600001","154693,815048","42792,02676","392881,126212","27391,292244000007","30270,493836","149444,22618","156333,315276","10130,004468000001"
2012,"8645,993208","209384,95730399998","7487,003232000001","85869,987444","45939,123036","1621,3241880000003","119371,13308799999","838005,1919640001","123706,25172000001","3080305,061892","31141,257912000005","53110,484207999994","269291,164752","4387070,3238","4551567,013223999","320907,855636","527153,0520239999","52699,35470400001","102883,34631600001","12926,812104","72,85032","402943,339944","42455,47176","4358,814300000001","51402,56371200001","7336,990188","9499,011840000001","244,170756","77540,18385599999","57787,63520400001","280183,67352000007","95613,728112","161715,525876","42918,58983600001","420266,769912","27260,288424000002","29074,455359999996","147741,95581200003","164496,647556","10361,995056000002"
2013,"8435,983320000001","214419,97529999996","7465,985495999999","90159,07802399999","47647,60898399999","1570,9102919999998","129826,54972800001","856411,741476","125894,257776","3119856,077736","30401,975412000003","45189,67417200001","220092,62788800002","4431152,369952001","4634763,607656","327723,663456","567430,239492","52177,234032","108142,318944","14345,996760000002","599,172948","423303,1104600001","43525,34190000001","4749,702192","51280,266672000005","6987,015576000001","9322,998768","222,093864","74196,261684","54080,806464000016","280847,096532","98875,74528","157037,56063199998","43173,0162","409723,7911919999","28592,962127999996","27364,711284000005","142050,024612","203611,237704","10368,987012000001"
2014,"9169,803756000001","204299,53718400002","16104,986748000001","86473,512396","46055,846880000005","1445,7301200000002","136599,711516","802203,5160000001","126338,04795600002","2997568,046844","30379,808844000003","45863,021376000004","220108,15879199997","4283457,288408001","4511617,219116","344948,81004000007","524193,08248800004","46258,20147600001","95740,99826400001","16435,889532","617,385528","387915,1152840001","46212,52158","5997,614724000001","54504,19332","6841,984824000001","9838,980000000001","292,64778","75238,20468000001","44509,87108800001","270006,795972","95154,40220399998","155562,481188","43358,19706800001","409327,11644400004","24488,382276000004","31413,898224000004","135745,4862","228159,930708","10528,001676"
2015,"9822,190932","212505,623856","20813,001480000003","87712,090848","49895,675208","1850,3773200000003","139345,803504","812825,04582","138001,034232","3102879,909564","31984,984799999995","49720,471272","228055,14093599998","4436880,061284001","4692734,34894","340612,799904","552669,0130080001","52727,36436","101194,43273999999","16847,225784000002","1101,254004","422986,59219600004","49816,234727999996","6590,691180000002","51323,74797599999","7059,9915","9636,779376","315,281412","75690,29239199999","48532,67542800001","273475,69635600003","97202,81448000002","152018,375364","43474,7988","427341,68622","26198,157023999993","37973,031552","123515,701776","255854,329524","11028,994164"
2016,"10771,840908","213357,623184","20764,978884","98771,13089999999","52395,84806400001","1871,3740320000004","141718,23039600003","805537,361808","145889,668584","3143440,090152","33471,971423999996","43401,47979600001","239285,12050800005","4506512,806764","4776587,1708120005","349411,75668","588526,8459119999","50903,398548","100946,07622800002","17358,224256","1150,783848","410542,38676799997","51291,362664","7061,724036000001","51630,886332","6945,984936000001","8256,632544000002","366,398316","72850,598388","56631,426911999995","270731,057148","96520,261248","158228,85600000003","43670,398968","442259,539776","26591,002200000003","35592,539831999995","116305,168608","270074,447784","15318,998784000003"
2017,"10353,035304","216195,18951600004","17029,595772","99001,32976800003","53494,58606399999","2397,76776","143397,365472","818094,76326","161825,74902000005","3231078,0940800007","34074,867384","44692,524540000006","251924,10732000004","4630041,887111999","4904053,528248001","365636,66212800005","583444,3785120001","50798,84068800001","97285,72669200001","19715,13756","1454,745528","437617,76799600007","54371,24737199999","8330,823648","57521,676348","6822,013788","9677,729088","426,26419200000004","78858,19616400001","64951,263216","276699,16224000003","96247,65312000002","161884,603188","44088,637032000006","453577,8015360001","25830,948348","36696,537936","109002,939516","274011,72487200005","15540,019956"
2018,"11878,370280000003","204833,366244","47935,79845200001","98290,95282","62069,942664","2886,26166","144133,82136","818094,3918840003","162527,86854000002","3247843,684248","37742,652648","43283,77308","268113,28100400005","4651525,3504679995","4967410,149612","373281,47665200004","582522,428808","51369,95347200001","88198,85775600001","20041,957223999998","1816,44318","423775,86562800006","53988,09919200001","9294,034788","62359,084511999994","6269,984208000001","8228,504916","500,0183640000001","86091,958656","59516,69385600001","289808,42241600004","98446,318128","157931,05377600004","44355,315816","447641,78810400004","26089,744212","38207,97687599999","80170,191","315884,841012","15790,599936"
